0,1,2,3,4,5,6,7,8,9,10,11,12,13,14,15,16,17
77.0,65.0,71.0,2.0,53.0,61.0,0.0,6.0,633.0,1749.0,0.0,0.0,29.96,29.99,8.9,1.0,10.3,0.0
74.0,52.0,63.0,-5.0,54.0,57.0,2.0,0.0,634.0,1749.0,0.0,0.0,29.95,30.0,4.3,3.0,4.9,0.0
83.0,55.0,69.0,2.0,59.0,63.0,0.0,4.0,637.0,1753.0,0.0,0.01,29.54,30.06,3.0,7.0,3.7,0.0
70.0,44.0,57.0,-5.0,38.0,47.0,8.0,0.0,634.0,1749.0,0.0,0.0,24.29,29.99,1.1,13.0,5.8,0.0
81.0,60.0,71.0,-6.0,58.0,63.0,0.0,6.0,613.0,1659.0,0.0,0.0,29.38,30.08,5.8,12.0,6.0,0.0
79.0,56.0,68.0,3.0,58.0,62.0,0.0,3.0,608.0,1653.0,0.0,0.02,29.44,30.14,5.2,17.0,5.3,0.0
79.0,57.0,68.0,2.0,58.0,62.0,0.0,3.0,637.0,1753.0,0.0,0.25,28.72,30.08,8.0,18.0,8.4,0.0
79.0,58.0,69.0,9.0,58.0,62.0,0.0,4.0,637.0,1739.0,0.0,0.01,29.38,30.09,7.5,15.0,7.9,0.0
77.0,65.0,71.0,2.0,53.0,61.0,0.0,6.0,633.0,1749.0,0.0,0.0,29.96,29.99,8.9,1.0,10.3,0.0
79.0,56.0,68.0,3.0,58.0,62.0,0.0,3.0,608.0,1653.0,0.0,0.02,29.44,30.14,5.2,17.0,5.3,0.0
60.0,40.0,50.0,2.0,40.0,45.0,15.0,0.0,637.0,1753.0,0.0,0.01,29.35,30.14,14.2,15.0,14.4,0.0
70.0,44.0,57.0,-5.0,38.0,47.0,8.0,0.0,634.0,1749.0,0.0,0.0,24.29,29.99,1.1,13.0,5.8,0.0
79.0,56.0,68.0,3.0,58.0,62.0,0.0,3.0,608.0,1653.0,0.0,0.02,29.44,30.14,5.2,17.0,5.3,0.0
77.0,65.0,71.0,2.0,53.0,61.0,0.0,6.0,633.0,1749.0,0.0,0.0,29.96,29.99,8.9,1.0,10.3,0.0
79.0,57.0,68.0,2.0,58.0,62.0,0.0,3.0,637.0,1753.0,0.0,0.25,28.72,30.08,8.0,18.0,8.4,0.0
79.0,58.0,69.0,9.0,58.0,62.0,0.0,4.0,637.0,1739.0,0.0,0.01,29.38,30.09,7.5,15.0,7.9,0.0
52.0,34.0,43.0,-6.0,36.0,40.0,22.0,0.0,613.0,1659.0,0.0,0.0,29.55,30.31,2.5,11.0,5.3,0.0
79.0,56.0,68.0,3.0,58.0,62.0,0.0,3.0,608.0,1653.0,0.0,0.02,29.44,30.14,5.2,17.0,5.3,0.0
70.0,44.0,57.0,-5.0,38.0,47.0,8.0,0.0,634.0,1749.0,0.0,0.0,24.29,29.99,1.1,13.0,5.8,0.0
79.0,58.0,69.0,9.0,58.0,62.0,0.0,4.0,637.0,1739.0,0.0,0.01,29.38,30.09,7.5,15.0,7.9,0.0
79.0,56.0,68.0,3.0,58.0,62.0,0.0,3.0,608.0,1653.0,0.0,0.02,29.44,30.14,5.2,17.0,5.3,0.0
83.0,61.0,72.0,2.0,50.0,64.0,0.0,7.0,605.0,1652.0,0.0,0.01,29.38,29.92,19.2,3.0,2.0,0.0
81.0,63.0,72.0,6.0,58.0,64.0,0.0,7.0,637.0,1747.0,0.0,0.0,29.57,30.09,7.7,12.0,8.0,0.0
70.0,44.0,57.0,-5.0,38.0,47.0,8.0,0.0,634.0,1749.0,0.0,0.0,24.29,29.99,1.1,13.0,5.8,0.0
80.0,54.0,67.0,7.0,58.0,61.0,0.0,2.0,643.0,1747.0,0.0,0.21,28.72,30.08,5.8,18.0,6.5,0.0
83.0,58.0,71.0,2.0,61.0,65.0,0.0,6.0,637.0,1753.0,0.0,0.0,29.7,30.08,1.6,8.0,2.1,0.0
70.0,44.0,57.0,-5.0,38.0,47.0,8.0,0.0,634.0,1749.0,0.0,0.0,24.29,29.99,1.1,13.0,5.8,0.0
74.0,58.0,66.0,-5.0,54.0,59.0,0.0,1.0,634.0,1749.0,0.0,0.0,29.95,30.0,5.6,1.0,6.5,0.0
80.0,54.0,67.0,7.0,58.0,61.0,0.0,2.0,643.0,1747.0,0.0,0.21,28.72,30.08,5.8,18.0,6.5,0.0
74.0,52.0,63.0,-5.0,54.0,57.0,2.0,0.0,634.0,1749.0,0.0,0.0,29.95,30.0,4.3,3.0,4.9,0.0
74.0,58.0,66.0,-5.0,54.0,59.0,0.0,1.0,634.0,1749.0,0.0,0.0,29.95,30.0,5.6,1.0,6.5,0.0
80.0,61.0,71.0,12.0,58.0,61.0,0.0,6.0,644.0,1746.0,0.0,0.0,28.69,30.06,7.2,18.0,7.7,0.0
79.0,61.0,70.0,4.0,58.0,62.0,0.0,5.0,638.0,1752.0,0.0,0.0,28.7,30.06,9.5,18.0,10.2,0.0
68.0,46.0,57.0,4.0,49.0,52.0,8.0,0.0,638.0,1752.0,0.0,0.1,29.23,30.0,5.1,15.0,5.6,0.0
74.0,53.0,64.0,-6.0,51.0,56.0,1.0,0.0,634.0,1748.0,0.0,0.0,29.98,30.03,3.8,2.0,5.0,0.0
80.0,61.0,71.0,12.0,58.0,61.0,0.0,6.0,644.0,1746.0,0.0,0.0,28.69,30.06,7.2,18.0,7.7,0.0
82.0,59.0,71.0,4.0,60.0,64.0,0.0,6.0,638.0,1752.0,0.0,0.02,29.57,30.08,1.1,10.0,2.5,0.0
83.0,66.0,75.0,6.0,59.0,64.0,0.0,10.0,639.0,1752.0,0.0,0.5,29.41,30.08,0.9,11.0,1.6,0.0
70.0,59.0,65.0,4.0,57.0,60.0,0.0,0.0,609.0,1651.0,0.0,0.16,29.44,30.14,5.0,17.0,5.0,0.0
74.0,53.0,64.0,-6.0,51.0,56.0,1.0,0.0,634.0,1748.0,0.0,0.0,29.98,30.03,3.8,2.0,5.0,0.0
76.0,61.0,69.0,4.0,50.0,58.0,0.0,4.0,634.0,1748.0,0.0,0.0,29.99,30.02,7.5,2.0,8.6,0.0
73.0,49.0,61.0,-6.0,49.0,54.0,4.0,0.0,634.0,1748.0,0.0,0.0,29.99,30.03,4.2,3.0,5.5,0.0
82.0,59.0,71.0,4.0,60.0,64.0,0.0,6.0,638.0,1752.0,0.0,0.02,29.57,30.08,1.1,10.0,2.5,0.0
72.0,39.0,56.0,-6.0,32.0,45.0,9.0,0.0,634.0,1748.0,0.0,0.0,24.33,30.06,4.5,19.0,6.2,0.0
80.0,63.0,72.0,-3.0,55.0,61.0,0.0,7.0,614.0,1657.0,0.0,0.1,29.39,30.09,4.7,14.0,6.0,0.0
70.0,59.0,65.0,4.0,57.0,60.0,0.0,0.0,609.0,1651.0,0.0,0.16,29.44,30.14,5.0,17.0,5.0,0.0
79.0,61.0,70.0,4.0,58.0,62.0,0.0,5.0,638.0,1752.0,0.0,0.0,28.7,30.06,9.5,18.0,10.2,0.0
68.0,58.0,63.0,3.0,58.0,60.0,2.0,0.0,638.0,1738.0,0.0,0.5,29.38,30.1,6.6,15.0,7.1,0.0
76.0,61.0,69.0,4.0,50.0,58.0,0.0,4.0,634.0,1748.0,0.0,0.0,29.99,30.02,7.5,2.0,8.6,0.0
70.0,59.0,65.0,4.0,57.0,60.0,0.0,0.0,609.0,1651.0,0.0,0.16,29.44,30.14,5.0,17.0,5.0,0.0
68.0,46.0,57.0,4.0,49.0,52.0,8.0,0.0,638.0,1752.0,0.0,0.1,29.23,30.0,5.1,15.0,5.6,0.0
72.0,39.0,56.0,-6.0,32.0,45.0,9.0,0.0,634.0,1748.0,0.0,0.0,24.33,30.06,4.5,19.0,6.2,0.0
70.0,59.0,65.0,4.0,57.0,60.0,0.0,0.0,609.0,1651.0,0.0,0.16,29.44,30.14,5.0,17.0,5.0,0.0
76.0,61.0,69.0,4.0,50.0,58.0,0.0,4.0,634.0,1748.0,0.0,0.0,29.99,30.02,7.5,2.0,8.6,0.0
79.0,61.0,70.0,4.0,58.0,62.0,0.0,5.0,638.0,1752.0,0.0,0.0,28.7,30.06,9.5,18.0,10.2,0.0
68.0,58.0,63.0,3.0,58.0,60.0,2.0,0.0,638.0,1738.0,0.0,0.5,29.38,30.1,6.6,15.0,7.1,0.0
58.0,33.0,46.0,-3.0,41.0,45.0,19.0,0.0,614.0,1657.0,0.0,0.1,29.36,30.14,5.5,18.0,6.3,0.0
70.0,59.0,65.0,4.0,57.0,60.0,0.0,0.0,609.0,1651.0,0.0,0.16,29.44,30.14,5.0,17.0,5.0,0.0
72.0,39.0,56.0,-6.0,32.0,45.0,9.0,0.0,634.0,1748.0,0.0,0.0,24.33,30.06,4.5,19.0,6.2,0.0
68.0,58.0,63.0,3.0,58.0,60.0,2.0,0.0,638.0,1738.0,0.0,0.5,29.38,30.1,6.6,15.0,7.1,0.0
70.0,59.0,65.0,4.0,57.0,60.0,0.0,0.0,609.0,1651.0,0.0,0.16,29.44,30.14,5.0,17.0,5.0,0.0
83.0,66.0,75.0,6.0,50.0,64.0,0.0,10.0,606.0,1651.0,0.0,0.5,29.41,29.66,18.5,1.0,1.6,0.0
79.0,64.0,72.0,6.0,55.0,61.0,0.0,7.0,638.0,1746.0,0.0,0.16,29.59,30.09,7.1,14.0,8.1,0.0
72.0,39.0,56.0,-6.0,32.0,45.0,9.0,0.0,634.0,1748.0,0.0,0.0,24.33,30.06,4.5,19.0,6.2,0.0
80.0,61.0,71.0,12.0,58.0,61.0,0.0,6.0,644.0,1746.0,0.0,0.0,28.69,30.06,7.2,18.0,7.7,0.0
82.0,61.0,72.0,4.0,61.0,64.0,0.0,7.0,638.0,1752.0,0.0,0.01,29.73,30.06,0.4,2.0,0.5,0.0
72.0,39.0,56.0,-6.0,32.0,45.0,9.0,0.0,634.0,1748.0,0.0,0.0,24.33,30.06,4.5,19.0,6.2,0.0
74.0,53.0,64.0,-6.0,51.0,56.0,1.0,0.0,634.0,1748.0,0.0,0.0,29.98,30.03,3.8,2.0,5.0,0.0
80.0,61.0,71.0,12.0,58.0,61.0,0.0,6.0,644.0,1746.0,0.0,0.0,28.69,30.06,7.2,18.0,7.7,0.0
73.0,49.0,61.0,-6.0,49.0,54.0,4.0,0.0,634.0,1748.0,0.0,0.0,29.99,30.03,4.2,3.0,5.5,0.0
74.0,53.0,64.0,-6.0,51.0,56.0,1.0,0.0,634.0,1748.0,0.0,0.0,29.98,30.03,3.8,2.0,5.0,0.0
85.0,57.0,71.0,12.0,58.0,62.0,0.0,6.0,644.0,1745.0,0.0,0.0,28.67,30.04,8.6,18.0,8.8,0.0
85.0,58.0,72.0,2.0,59.0,63.0,0.0,7.0,639.0,1751.0,0.0,0.0,28.67,30.03,11.5,19.0,11.6,0.0
65.0,45.0,55.0,2.0,50.0,53.0,10.0,0.0,639.0,1751.0,0.0,0.0,29.12,29.89,5.2,15.0,6.1,0.0
74.0,50.0,62.0,-6.0,52.0,56.0,3.0,0.0,635.0,1747.0,0.0,0.0,29.96,30.0,2.4,2.0,3.4,0.0
85.0,57.0,71.0,12.0,58.0,62.0,0.0,6.0,644.0,1745.0,0.0,0.0,28.67,30.04,8.6,18.0,8.8,0.0
85.0,53.0,69.0,2.0,58.0,62.0,0.0,4.0,639.0,1751.0,0.0,0.0,29.59,30.11,1.5,13.0,2.1,0.0
85.0,60.0,73.0,4.0,59.0,64.0,0.0,8.0,639.0,1751.0,0.0,0.0,29.43,30.11,1.1,14.0,1.9,0.0
82.0,55.0,69.0,3.0,59.0,62.0,0.0,4.0,610.0,1650.0,0.0,0.0,29.39,30.09,5.1,19.0,5.1,0.0
74.0,50.0,62.0,-6.0,52.0,56.0,3.0,0.0,635.0,1747.0,0.0,0.0,29.96,30.0,2.4,2.0,3.4,0.0
77.0,57.0,67.0,2.0,52.0,59.0,0.0,2.0,635.0,1747.0,0.0,0.0,29.97,30.0,4.8,1.0,6.6,0.0
75.0,46.0,61.0,-6.0,51.0,54.0,4.0,0.0,635.0,1747.0,0.0,0.0,29.96,30.01,2.1,5.0,2.6,0.0
85.0,53.0,69.0,2.0,58.0,62.0,0.0,4.0,639.0,1751.0,0.0,0.0,29.59,30.11,1.5,13.0,2.1,0.0
79.0,50.0,65.0,-6.0,25.0,45.0,0.0,0.0,635.0,1747.0,0.0,0.0,24.37,30.04,5.0,17.0,7.8,0.0
85.0,60.0,73.0,8.0,57.0,63.0,0.0,8.0,616.0,1656.0,0.0,0.0,29.39,30.09,4.6,17.0,5.9,0.0
82.0,55.0,69.0,3.0,59.0,62.0,0.0,4.0,610.0,1650.0,0.0,0.0,29.39,30.09,5.1,19.0,5.1,0.0
85.0,58.0,72.0,2.0,59.0,63.0,0.0,7.0,639.0,1751.0,0.0,0.0,28.67,30.03,11.5,19.0,11.6,0.0
81.0,58.0,70.0,11.0,59.0,63.0,0.0,5.0,639.0,1737.0,0.0,0.0,29.32,30.05,8.7,18.0,8.9,1.0
77.0,57.0,67.0,2.0,52.0,59.0,0.0,2.0,635.0,1747.0,0.0,0.0,29.97,30.0,4.8,1.0,6.6,0.0
82.0,55.0,69.0,3.0,59.0,62.0,0.0,4.0,610.0,1650.0,0.0,0.0,29.39,30.09,5.1,19.0,5.1,0.0
65.0,45.0,55.0,2.0,50.0,53.0,10.0,0.0,639.0,1751.0,0.0,0.0,29.12,29.89,5.2,15.0,6.1,0.0
79.0,50.0,65.0,-6.0,25.0,45.0,0.0,0.0,635.0,1747.0,0.0,0.0,24.37,30.04,5.0,17.0,7.8,0.0
82.0,55.0,69.0,3.0,59.0,62.0,0.0,4.0,610.0,1650.0,0.0,0.0,29.39,30.09,5.1,19.0,5.1,0.0
77.0,57.0,67.0,2.0,52.0,59.0,0.0,2.0,635.0,1747.0,0.0,0.0,29.97,30.0,4.8,1.0,6.6,0.0
85.0,58.0,72.0,2.0,59.0,63.0,0.0,7.0,639.0,1751.0,0.0,0.0,28.67,30.03,11.5,19.0,11.6,0.0
81.0,58.0,70.0,11.0,59.0,63.0,0.0,5.0,639.0,1737.0,0.0,0.0,29.32,30.05,8.7,18.0,8.9,0.0
62.0,50.0,56.0,8.0,48.0,51.0,9.0,0.0,616.0,1656.0,0.0,0.0,29.22,30.0,5.1,23.0,6.3,0.0
82.0,55.0,69.0,3.0,59.0,62.0,0.0,4.0,610.0,1650.0,0.0,0.0,29.39,30.09,5.1,19.0,5.1,0.0
79.0,50.0,65.0,-6.0,25.0,45.0,0.0,0.0,635.0,1747.0,0.0,0.0,24.37,30.04,5.0,17.0,7.8,0.0
81.0,58.0,70.0,11.0,59.0,63.0,0.0,5.0,639.0,1737.0,0.0,0.0,29.32,30.05,8.7,18.0,8.9,0.0
82.0,55.0,69.0,3.0,59.0,62.0,0.0,4.0,610.0,1650.0,0.0,0.0,29.39,30.09,5.1,19.0,5.1,0.0
85.0,60.0,73.0,4.0,45.0,64.0,0.0,8.0,607.0,1650.0,0.0,0.0,29.43,29.72,11.5,32.0,1.9,0.0
84.0,62.0,73.0,8.0,58.0,63.0,0.0,8.0,638.0,1745.0,0.0,0.0,29.58,30.09,6.7,16.0,7.6,0.0
79.0,50.0,65.0,-6.0,25.0,45.0,0.0,0.0,635.0,1747.0,0.0,0.0,24.37,30.04,5.0,17.0,7.8,0.0
85.0,57.0,71.0,12.0,58.0,62.0,0.0,6.0,644.0,1745.0,0.0,0.0,28.67,30.04,8.6,18.0,8.8,0.0
84.0,56.0,70.0,2.0,59.0,63.0,0.0,5.0,639.0,1751.0,0.0,0.0,29.76,30.03,0.3,14.0,0.3,0.0
79.0,50.0,65.0,-6.0,25.0,45.0,0.0,0.0,635.0,1747.0,0.0,0.0,24.37,30.04,5.0,17.0,7.8,0.0
74.0,50.0,62.0,-6.0,52.0,56.0,3.0,0.0,635.0,1747.0,0.0,0.0,29.96,30.0,2.4,2.0,3.4,0.0
85.0,57.0,71.0,12.0,58.0,62.0,0.0,6.0,644.0,1745.0,0.0,0.0,28.67,30.04,8.6,18.0,8.8,0.0
75.0,46.0,61.0,-6.0,51.0,54.0,4.0,0.0,635.0,1747.0,0.0,0.0,29.96,30.01,2.1,5.0,2.6,0.0
74.0,50.0,62.0,-6.0,52.0,56.0,3.0,0.0,635.0,1747.0,0.0,0.0,29.96,30.0,2.4,2.0,3.4,0.0
92.0,58.0,75.0,17.0,57.0,63.0,0.0,10.0,645.0,1743.0,0.0,0.0,28.64,30.01,6.8,19.0,7.4,0.0
90.0,63.0,77.0,5.0,58.0,64.0,0.0,12.0,640.0,1750.0,0.0,0.0,28.64,30.0,8.9,20.0,9.2,0.0
63.0,40.0,52.0,5.0,32.0,44.0,13.0,0.0,640.0,1750.0,0.0,0.0,29.26,30.02,10.8,30.0,11.1,0.0
77.0,50.0,64.0,-5.0,51.0,56.0,1.0,0.0,636.0,1746.0,0.0,0.0,29.95,29.99,1.9,36.0,2.8,0.0
92.0,58.0,75.0,17.0,57.0,63.0,0.0,10.0,645.0,1743.0,0.0,0.0,28.64,30.01,6.8,19.0,7.4,0.0
88.0,53.0,71.0,5.0,58.0,62.0,0.0,6.0,640.0,1750.0,0.0,0.0,29.57,30.1,3.2,20.0,3.7,0.0
88.0,62.0,75.0,6.0,59.0,65.0,0.0,10.0,640.0,1750.0,0.0,0.0,29.41,30.1,0.7,18.0,1.6,0.0
88.0,57.0,73.0,5.0,61.0,64.0,0.0,8.0,612.0,1648.0,0.0,0.0,29.34,30.05,2.6,19.0,2.8,0.0
77.0,50.0,64.0,-5.0,51.0,56.0,1.0,0.0,636.0,1746.0,0.0,0.0,29.95,29.99,1.9,36.0,2.8,0.0
80.0,59.0,70.0,5.0,51.0,58.0,0.0,5.0,636.0,1746.0,0.0,0.0,29.96,29.98,2.7,33.0,4.8,0.0
77.0,47.0,62.0,-5.0,51.0,55.0,3.0,0.0,636.0,1746.0,0.0,0.0,29.95,29.99,2.3,34.0,3.4,0.0
88.0,53.0,71.0,5.0,58.0,62.0,0.0,6.0,640.0,1750.0,0.0,0.0,29.57,30.1,3.2,20.0,3.7,0.0
77.0,39.0,58.0,-5.0,23.0,43.0,7.0,0.0,636.0,1746.0,0.0,0.0,24.31,30.02,6.9,17.0,9.2,0.0
90.0,64.0,77.0,13.0,59.0,65.0,0.0,12.0,617.0,1654.0,0.0,0.0,29.36,30.07,2.5,17.0,5.0,0.0
88.0,57.0,73.0,5.0,61.0,64.0,0.0,8.0,612.0,1648.0,0.0,0.0,29.34,30.05,2.6,19.0,2.8,0.0
90.0,63.0,77.0,5.0,58.0,64.0,0.0,12.0,640.0,1750.0,0.0,0.0,28.64,30.0,8.9,20.0,9.2,0.0
87.0,59.0,73.0,14.0,62.0,66.0,0.0,8.0,639.0,1736.0,0.0,0.0,29.28,30.0,5.9,17.0,6.6,0.0
80.0,59.0,70.0,5.0,51.0,58.0,0.0,5.0,636.0,1746.0,0.0,0.0,29.96,29.98,2.7,33.0,4.8,0.0
88.0,57.0,73.0,5.0,61.0,64.0,0.0,8.0,612.0,1648.0,0.0,0.0,29.34,30.05,2.6,19.0,2.8,0.0
63.0,40.0,52.0,5.0,32.0,44.0,13.0,0.0,640.0,1750.0,0.0,0.0,29.26,30.02,10.8,30.0,11.1,0.0
77.0,39.0,58.0,-5.0,23.0,43.0,7.0,0.0,636.0,1746.0,0.0,0.0,24.31,30.02,6.9,17.0,9.2,0.0
88.0,57.0,73.0,5.0,61.0,64.0,0.0,8.0,612.0,1648.0,0.0,0.0,29.34,30.05,2.6,19.0,2.8,0.0
80.0,59.0,70.0,5.0,51.0,58.0,0.0,5.0,636.0,1746.0,0.0,0.0,29.96,29.98,2.7,33.0,4.8,0.0
90.0,63.0,77.0,5.0,58.0,64.0,0.0,12.0,640.0,1750.0,0.0,0.0,28.64,30.0,8.9,20.0,9.2,0.0
87.0,59.0,73.0,14.0,62.0,66.0,0.0,8.0,639.0,1736.0,0.0,0.0,29.28,30.0,5.9,17.0,6.6,0.0
69.0,52.0,61.0,13.0,36.0,49.0,4.0,0.0,617.0,1654.0,0.0,0.0,29.16,29.91,12.1,29.0,12.3,0.0
88.0,57.0,73.0,5.0,61.0,64.0,0.0,8.0,612.0,1648.0,0.0,0.0,29.34,30.05,2.6,19.0,2.8,0.0
77.0,39.0,58.0,-5.0,23.0,43.0,7.0,0.0,636.0,1746.0,0.0,0.0,24.31,30.02,6.9,17.0,9.2,0.0
87.0,59.0,73.0,14.0,62.0,66.0,0.0,8.0,639.0,1736.0,0.0,0.0,29.28,30.0,5.9,17.0,6.6,0.0
88.0,57.0,73.0,5.0,61.0,64.0,0.0,8.0,612.0,1648.0,0.0,0.0,29.34,30.05,2.6,19.0,2.8,0.0
88.0,62.0,75.0,6.0,42.0,65.0,0.0,10.0,609.0,1648.0,0.0,0.0,29.41,29.68,10.3,26.0,1.6,0.0
88.0,65.0,77.0,12.0,59.0,65.0,0.0,12.0,639.0,1744.0,0.0,0.0,29.54,30.07,6.7,18.0,7.4,0.0
77.0,39.0,58.0,-5.0,23.0,43.0,7.0,0.0,636.0,1746.0,0.0,0.0,24.31,30.02,6.9,17.0,9.2,0.0
92.0,58.0,75.0,17.0,57.0,63.0,0.0,10.0,645.0,1743.0,0.0,0.0,28.64,30.01,6.8,19.0,7.4,0.0
87.0,58.0,73.0,5.0,61.0,65.0,0.0,8.0,640.0,1750.0,0.0,0.0,29.76,30.0,1.8,20.0,2.1,0.0
77.0,39.0,58.0,-5.0,23.0,43.0,7.0,0.0,636.0,1746.0,0.0,0.0,24.31,30.02,6.9,17.0,9.2,0.0
77.0,50.0,64.0,-5.0,51.0,56.0,1.0,0.0,636.0,1746.0,0.0,0.0,29.95,29.99,1.9,36.0,2.8,0.0
92.0,58.0,75.0,17.0,57.0,63.0,0.0,10.0,645.0,1743.0,0.0,0.0,28.64,30.01,6.8,19.0,7.4,0.0
77.0,47.0,62.0,-5.0,51.0,55.0,3.0,0.0,636.0,1746.0,0.0,0.0,29.95,29.99,2.3,34.0,3.4,0.0
77.0,50.0,64.0,-5.0,51.0,56.0,1.0,0.0,636.0,1746.0,0.0,0.0,29.95,29.99,1.9,36.0,2.8,0.0
89.0,60.0,75.0,17.0,53.0,62.0,0.0,10.0,646.0,1742.0,0.0,0.0,28.44,29.81,15.9,18.0,16.4,0.0
89.0,65.0,77.0,3.0,53.0,63.0,0.0,12.0,640.0,1749.0,0.0,0.0,28.43,29.79,18.8,19.0,19.1,0.0
64.0,34.0,49.0,3.0,32.0,43.0,16.0,0.0,640.0,1749.0,0.0,0.0,29.05,29.85,7.2,13.0,7.4,0.0
84.0,50.0,67.0,-2.0,54.0,59.0,0.0,2.0,637.0,1745.0,0.0,0.0,29.93,29.98,0.8,33.0,1.5,0.0
89.0,60.0,75.0,17.0,53.0,62.0,0.0,10.0,646.0,1742.0,0.0,0.0,28.44,29.81,15.9,18.0,16.4,0.0
85.0,52.0,69.0,3.0,56.0,61.0,0.0,4.0,640.0,1749.0,0.0,0.0,29.44,29.98,6.1,17.0,6.4,0.0
86.0,61.0,74.0,6.0,58.0,64.0,0.0,9.0,641.0,1749.0,0.0,0.0,29.28,29.98,1.7,17.0,3.5,0.0
88.0,57.0,73.0,4.0,58.0,64.0,0.0,8.0,613.0,1647.0,0.0,0.0,29.15,29.87,8.9,19.0,9.0,0.0
84.0,50.0,67.0,-2.0,54.0,59.0,0.0,2.0,637.0,1745.0,0.0,0.0,29.93,29.98,0.8,33.0,1.5,0.0
83.0,56.0,70.0,3.0,54.0,61.0,0.0,5.0,636.0,1745.0,0.0,0.0,29.95,29.98,2.3,20.0,4.4,0.0
83.0,47.0,65.0,-2.0,56.0,59.0,0.0,0.0,637.0,1745.0,0.0,0.0,29.93,29.98,1.5,28.0,2.2,0.0
85.0,52.0,69.0,3.0,56.0,61.0,0.0,4.0,640.0,1749.0,0.0,0.0,29.44,29.98,6.1,17.0,6.4,0.0
77.0,49.0,63.0,-2.0,28.0,46.0,2.0,0.0,637.0,1745.0,0.0,0.0,24.06,29.68,3.8,23.0,9.6,0.0
89.0,68.0,79.0,3.0,56.0,64.0,0.0,14.0,618.0,1653.0,0.0,0.0,29.21,29.92,6.3,17.0,8.0,0.0
88.0,57.0,73.0,4.0,58.0,64.0,0.0,8.0,613.0,1647.0,0.0,0.0,29.15,29.87,8.9,19.0,9.0,0.0
89.0,65.0,77.0,3.0,53.0,63.0,0.0,12.0,640.0,1749.0,0.0,0.0,28.43,29.79,18.8,19.0,19.1,0.0
87.0,63.0,75.0,17.0,59.0,65.0,0.0,10.0,640.0,1734.0,0.0,0.0,29.09,29.82,14.3,17.0,14.6,0.0
83.0,56.0,70.0,3.0,54.0,61.0,0.0,5.0,636.0,1745.0,0.0,0.0,29.95,29.98,2.3,20.0,4.4,0.0
88.0,57.0,73.0,4.0,58.0,64.0,0.0,8.0,613.0,1647.0,0.0,0.0,29.15,29.87,8.9,19.0,9.0,0.0
64.0,34.0,49.0,3.0,32.0,43.0,16.0,0.0,640.0,1749.0,0.0,0.0,29.05,29.85,7.2,13.0,7.4,0.0
77.0,49.0,63.0,-2.0,28.0,46.0,2.0,0.0,637.0,1745.0,0.0,0.0,24.06,29.68,3.8,23.0,9.6,0.0
88.0,57.0,73.0,4.0,58.0,64.0,0.0,8.0,613.0,1647.0,0.0,0.0,29.15,29.87,8.9,19.0,9.0,0.0
83.0,56.0,70.0,3.0,54.0,61.0,0.0,5.0,636.0,1745.0,0.0,0.0,29.95,29.98,2.3,20.0,4.4,0.0
89.0,65.0,77.0,3.0,53.0,63.0,0.0,12.0,640.0,1749.0,0.0,0.0,28.43,29.79,18.8,19.0,19.1,0.0
87.0,63.0,75.0,17.0,59.0,65.0,0.0,10.0,640.0,1734.0,0.0,0.0,29.09,29.82,14.3,17.0,14.6,0.0
59.0,41.0,50.0,3.0,35.0,44.0,15.0,0.0,618.0,1653.0,0.0,0.0,29.19,29.95,1.8,17.0,7.0,0.0
88.0,57.0,73.0,4.0,58.0,64.0,0.0,8.0,613.0,1647.0,0.0,0.0,29.15,29.87,8.9,19.0,9.0,0.0
77.0,49.0,63.0,-2.0,28.0,46.0,2.0,0.0,637.0,1745.0,0.0,0.0,24.06,29.68,3.8,23.0,9.6,0.0
87.0,63.0,75.0,17.0,59.0,65.0,0.0,10.0,640.0,1734.0,0.0,0.0,29.09,29.82,14.3,17.0,14.6,0.0
88.0,57.0,73.0,4.0,58.0,64.0,0.0,8.0,613.0,1647.0,0.0,0.0,29.15,29.87,8.9,19.0,9.0,0.0
86.0,61.0,74.0,6.0,40.0,64.0,0.0,9.0,610.0,1647.0,0.0,0.0,29.28,29.56,15.3,28.0,3.5,0.0
88.0,65.0,77.0,13.0,57.0,65.0,0.0,12.0,640.0,1742.0,0.0,0.0,29.39,29.93,8.8,19.0,9.4,0.0
77.0,49.0,63.0,-2.0,28.0,46.0,2.0,0.0,637.0,1745.0,0.0,0.0,24.06,29.68,3.8,23.0,9.6,0.0
89.0,60.0,75.0,17.0,53.0,62.0,0.0,10.0,646.0,1742.0,0.0,0.0,28.44,29.81,15.9,18.0,16.4,0.0
86.0,57.0,72.0,3.0,60.0,64.0,0.0,7.0,640.0,1749.0,0.0,0.0,29.64,29.79,4.7,17.0,4.8,0.0
77.0,49.0,63.0,-2.0,28.0,46.0,2.0,0.0,637.0,1745.0,0.0,0.0,24.06,29.68,3.8,23.0,9.6,0.0
84.0,50.0,67.0,-2.0,54.0,59.0,0.0,2.0,637.0,1745.0,0.0,0.0,29.93,29.98,0.8,33.0,1.5,0.0
89.0,60.0,75.0,17.0,53.0,62.0,0.0,10.0,646.0,1742.0,0.0,0.0,28.44,29.81,15.9,18.0,16.4,0.0
83.0,47.0,65.0,-2.0,56.0,59.0,0.0,0.0,637.0,1745.0,0.0,0.0,29.93,29.98,1.5,28.0,2.2,0.0
84.0,50.0,67.0,-2.0,54.0,59.0,0.0,2.0,637.0,1745.0,0.0,0.0,29.93,29.98,0.8,33.0,1.5,0.0
61.0,41.0,51.0,3.0,38.0,44.0,14.0,0.0,618.0,1653.0,0.0,0.0,29.7,29.89,6.3,27.0,7.3,0.0
84.0,67.0,76.0,19.0,51.0,60.0,0.0,11.0,647.0,1741.0,0.0,0.05,28.41,29.74,7.6,21.0,15.8,0.0
84.0,64.0,74.0,4.0,52.0,60.0,0.0,9.0,641.0,1748.0,0.0,0.0,28.42,29.73,7.5,21.0,15.8,0.0
68.0,44.0,56.0,4.0,40.0,47.0,9.0,0.0,641.0,1748.0,0.0,0.0,28.86,29.62,4.9,29.0,6.8,0.0
87.0,57.0,72.0,4.0,60.0,64.0,0.0,7.0,637.0,1744.0,0.0,0.0,30.01,30.07,1.6,10.0,3.7,0.0
84.0,67.0,76.0,19.0,51.0,60.0,0.0,11.0,647.0,1741.0,0.0,0.05,28.41,29.74,7.6,21.0,15.8,0.0
87.0,53.0,70.0,4.0,59.0,64.0,0.0,5.0,641.0,1748.0,0.0,0.0,29.36,29.88,9.1,18.0,9.3,0.0
86.0,62.0,74.0,6.0,61.0,66.0,0.0,9.0,641.0,1748.0,0.0,0.0,29.2,29.88,5.0,18.0,5.6,0.0
82.0,67.0,75.0,4.0,57.0,63.0,0.0,10.0,614.0,1645.0,0.0,0.05,29.11,29.77,8.7,20.0,10.8,0.0
87.0,57.0,72.0,4.0,60.0,64.0,0.0,7.0,637.0,1744.0,0.0,0.0,30.01,30.07,1.6,10.0,3.7,0.0
90.0,65.0,78.0,4.0,62.0,67.0,0.0,13.0,637.0,1744.0,0.0,0.0,30.02,30.06,1.6,16.0,5.9,0.0
87.0,54.0,71.0,4.0,60.0,64.0,0.0,6.0,637.0,1744.0,0.0,0.0,30.01,30.06,1.2,15.0,3.8,0.0
87.0,53.0,70.0,4.0,59.0,64.0,0.0,5.0,641.0,1748.0,0.0,0.0,29.36,29.88,9.1,18.0,9.3,0.0
62.0,38.0,50.0,4.0,37.0,44.0,15.0,0.0,614.0,1645.0,0.0,0.0,29.71,29.86,8.1,29.0,8.5,0.0
50.0,32.0,41.0,4.0,33.0,37.0,24.0,0.0,637.0,1744.0,0.0,0.05,24.2,29.94,5.9,13.0,8.7,0.0
57.0,41.0,49.0,3.0,37.0,43.0,16.0,0.0,614.0,1648.0,0.0,0.0,28.77,29.91,12.0,28.0,12.3,0.0
85.0,66.0,76.0,17.0,59.0,65.0,0.0,11.0,619.0,1651.0,0.0,0.0,29.11,29.82,10.0,18.0,10.4,0.0
82.0,67.0,75.0,4.0,57.0,63.0,0.0,10.0,614.0,1645.0,0.0,0.05,29.11,29.77,8.7,20.0,10.8,0.0
60.0,35.0,48.0,4.0,36.0,42.0,17.0,0.0,614.0,1645.0,0.0,0.0,29.47,29.89,6.9,30.0,7.5,0.0
84.0,64.0,74.0,4.0,52.0,60.0,0.0,9.0,641.0,1748.0,0.0,0.0,28.42,29.73,7.5,21.0,15.8,0.0
82.0,66.0,74.0,16.0,57.0,63.0,0.0,9.0,641.0,1733.0,0.0,0.0,29.04,29.72,12.6,19.0,16.0,0.0
90.0,65.0,78.0,4.0,62.0,67.0,0.0,13.0,637.0,1744.0,0.0,0.0,30.02,30.06,1.6,16.0,5.9,0.0
82.0,67.0,75.0,4.0,57.0,63.0,0.0,10.0,614.0,1645.0,0.0,0.05,29.11,29.77,8.7,20.0,10.8,0.0
68.0,44.0,56.0,4.0,40.0,47.0,9.0,0.0,641.0,1748.0,0.0,0.0,28.86,29.62,4.9,29.0,6.8,0.0
50.0,32.0,41.0,4.0,33.0,37.0,24.0,0.0,637.0,1744.0,0.0,0.05,24.2,29.94,5.9,13.0,8.7,0.0
82.0,67.0,75.0,4.0,57.0,63.0,0.0,10.0,614.0,1645.0,0.0,0.05,29.11,29.77,8.7,20.0,10.8,0.0
90.0,65.0,78.0,4.0,62.0,67.0,0.0,13.0,637.0,1744.0,0.0,0.0,30.02,30.06,1.6,16.0,5.9,0.0
84.0,64.0,74.0,4.0,52.0,60.0,0.0,9.0,641.0,1748.0,0.0,0.0,28.42,29.73,7.5,21.0,15.8,0.0
82.0,66.0,74.0,16.0,57.0,63.0,0.0,9.0,641.0,1733.0,0.0,0.0,29.04,29.72,12.6,19.0,16.0,0.0
75.0,52.0,64.0,17.0,52.0,57.0,1.0,0.0,619.0,1651.0,0.0,0.04,28.87,29.64,10.0,19.0,11.1,0.0
82.0,67.0,75.0,4.0,57.0,63.0,0.0,10.0,614.0,1645.0,0.0,0.05,29.11,29.77,8.7,20.0,10.8,0.0
50.0,32.0,41.0,4.0,33.0,37.0,24.0,0.0,637.0,1744.0,0.0,0.05,24.2,29.94,5.9,13.0,8.7,0.0
82.0,66.0,74.0,16.0,57.0,63.0,0.0,9.0,641.0,1733.0,0.0,0.0,29.04,29.72,12.6,19.0,16.0,0.0
82.0,67.0,75.0,4.0,57.0,63.0,0.0,10.0,614.0,1645.0,0.0,0.05,29.11,29.77,8.7,20.0,10.8,0.0
86.0,62.0,74.0,6.0,38.0,66.0,0.0,9.0,611.0,1645.0,0.0,0.0,29.2,29.91,13.4,28.0,5.6,0.0
85.0,67.0,76.0,12.0,59.0,65.0,0.0,11.0,641.0,1741.0,0.0,0.0,29.31,29.82,14.9,19.0,15.3,0.0
50.0,32.0,41.0,4.0,33.0,37.0,24.0,0.0,637.0,1744.0,0.0,0.05,24.2,29.94,5.9,13.0,8.7,0.0
84.0,67.0,76.0,19.0,51.0,60.0,0.0,11.0,647.0,1741.0,0.0,0.05,28.41,29.74,7.6,21.0,15.8,0.0
86.0,61.0,74.0,4.0,64.0,67.0,0.0,9.0,641.0,1748.0,0.0,0.0,29.55,29.73,6.3,18.0,6.5,0.0
50.0,32.0,41.0,4.0,33.0,37.0,24.0,0.0,637.0,1744.0,0.0,0.05,24.2,29.94,5.9,13.0,8.7,0.0
87.0,57.0,72.0,4.0,60.0,64.0,0.0,7.0,637.0,1744.0,0.0,0.0,30.01,30.07,1.6,10.0,3.7,0.0
84.0,67.0,76.0,19.0,51.0,60.0,0.0,11.0,647.0,1741.0,0.0,0.05,28.41,29.74,7.6,21.0,15.8,0.0
87.0,54.0,71.0,4.0,60.0,64.0,0.0,6.0,637.0,1744.0,0.0,0.0,30.01,30.06,1.2,15.0,3.8,0.0
87.0,57.0,72.0,4.0,60.0,64.0,0.0,7.0,637.0,1744.0,0.0,0.0,30.01,30.07,1.6,10.0,3.7,0.0
62.0,38.0,50.0,4.0,37.0,44.0,15.0,0.0,614.0,1645.0,0.0,0.0,29.71,29.86,8.1,29.0,8.5,0.0
65.0,37.0,51.0,17.0,45.0,48.0,14.0,0.0,619.0,1651.0,0.0,0.0,29.86,30.02,1.4,9.0,3.6,0.0
71.0,50.0,61.0,4.0,38.0,50.0,4.0,0.0,648.0,1740.0,0.0,0.0,28.74,30.07,9.9,3.0,10.5,0.0
69.0,43.0,56.0,5.0,40.0,49.0,9.0,0.0,642.0,1747.0,0.0,0.0,28.75,30.09,8.1,3.0,8.6,0.0
49.0,41.0,45.0,5.0,35.0,40.0,20.0,0.0,642.0,1747.0,0.0,0.0,29.1,29.83,15.0,27.0,15.6,0.0
84.0,57.0,71.0,3.0,60.0,64.0,0.0,6.0,638.0,1743.0,0.0,0.0,30.09,30.14,2.0,19.0,2.8,0.0
71.0,50.0,61.0,4.0,38.0,50.0,4.0,0.0,648.0,1740.0,0.0,0.0,28.74,30.07,9.9,3.0,10.5,0.0
85.0,55.0,70.0,5.0,63.0,65.0,0.0,5.0,642.0,1747.0,0.0,0.0,29.47,29.98,1.1,21.0,2.2,0.0
84.0,65.0,75.0,7.0,65.0,68.0,0.0,10.0,642.0,1747.0,0.0,0.0,29.31,29.98,0.5,18.0,2.3,0.0
70.0,45.0,58.0,7.0,44.0,51.0,7.0,0.0,615.0,1644.0,0.0,0.04,29.45,30.11,3.9,2.0,4.8,0.0
84.0,57.0,71.0,3.0,60.0,64.0,0.0,6.0,638.0,1743.0,0.0,0.0,30.09,30.14,2.0,19.0,2.8,0.0
86.0,68.0,77.0,5.0,63.0,68.0,0.0,12.0,638.0,1743.0,0.0,0.0,30.11,30.13,4.9,16.0,5.4,0.0
84.0,55.0,70.0,3.0,61.0,64.0,0.0,5.0,638.0,1743.0,0.0,0.0,30.09,30.13,1.9,19.0,3.1,0.0
85.0,55.0,70.0,5.0,63.0,65.0,0.0,5.0,642.0,1747.0,0.0,0.0,29.47,29.98,1.1,21.0,2.2,0.0
61.0,36.0,49.0,7.0,44.0,47.0,16.0,0.0,615.0,1644.0,0.0,0.0,29.89,29.99,2.3,12.0,3.7,0.0
59.0,31.0,45.0,3.0,24.0,35.0,20.0,0.0,638.0,1743.0,0.0,0.0,24.34,30.17,4.3,15.0,5.7,0.0
66.0,42.0,54.0,8.0,46.0,50.0,11.0,0.0,615.0,1647.0,0.0,0.0,28.92,30.0,5.7,20.0,6.6,0.0
80.0,68.0,74.0,12.0,60.0,65.0,0.0,9.0,621.0,1650.0,0.0,0.0,29.3,29.97,3.1,36.0,6.4,0.0
70.0,45.0,58.0,7.0,44.0,51.0,7.0,0.0,615.0,1644.0,0.0,0.04,29.45,30.11,3.9,2.0,4.8,0.0
66.0,35.0,51.0,7.0,43.0,46.0,14.0,0.0,615.0,1644.0,0.0,0.0,29.64,30.01,1.8,13.0,3.5,0.0
69.0,43.0,56.0,5.0,40.0,49.0,9.0,0.0,642.0,1747.0,0.0,0.0,28.75,30.09,8.1,3.0,8.6,0.0
70.0,47.0,59.0,1.0,44.0,51.0,6.0,0.0,642.0,1732.0,0.0,0.1,29.39,30.07,6.1,1.0,6.6,0.0
86.0,68.0,77.0,5.0,63.0,68.0,0.0,12.0,638.0,1743.0,0.0,0.0,30.11,30.13,4.9,16.0,5.4,0.0
70.0,45.0,58.0,7.0,44.0,51.0,7.0,0.0,615.0,1644.0,0.0,0.04,29.45,30.11,3.9,2.0,4.8,0.0
49.0,41.0,45.0,5.0,35.0,40.0,20.0,0.0,642.0,1747.0,0.0,0.0,29.1,29.83,15.0,27.0,15.6,0.0
59.0,31.0,45.0,3.0,24.0,35.0,20.0,0.0,638.0,1743.0,0.0,0.0,24.34,30.17,4.3,15.0,5.7,0.0
70.0,45.0,58.0,7.0,44.0,51.0,7.0,0.0,615.0,1644.0,0.0,0.04,29.45,30.11,3.9,2.0,4.8,0.0
86.0,68.0,77.0,5.0,63.0,68.0,0.0,12.0,638.0,1743.0,0.0,0.0,30.11,30.13,4.9,16.0,5.4,0.0
69.0,43.0,56.0,5.0,40.0,49.0,9.0,0.0,642.0,1747.0,0.0,0.0,28.75,30.09,8.1,3.0,8.6,0.0
70.0,47.0,59.0,1.0,44.0,51.0,6.0,0.0,642.0,1732.0,0.0,0.1,29.39,30.07,6.1,1.0,6.6,0.0
67.0,48.0,58.0,12.0,38.0,47.0,7.0,0.0,621.0,1650.0,0.0,0.0,29.08,29.8,14.2,26.0,14.6,0.0
70.0,45.0,58.0,7.0,44.0,51.0,7.0,0.0,615.0,1644.0,0.0,0.04,29.45,30.11,3.9,2.0,4.8,0.0
59.0,31.0,45.0,3.0,24.0,35.0,20.0,0.0,638.0,1743.0,0.0,0.0,24.34,30.17,4.3,15.0,5.7,0.0
70.0,47.0,59.0,1.0,44.0,51.0,6.0,0.0,642.0,1732.0,0.0,0.1,29.39,30.07,6.1,1.0,6.6,0.0
70.0,45.0,58.0,7.0,44.0,51.0,7.0,0.0,615.0,1644.0,0.0,0.04,29.45,30.11,3.9,2.0,4.8,0.0
84.0,65.0,75.0,7.0,47.0,68.0,0.0,10.0,612.0,1644.0,0.0,0.0,29.31,30.03,7.0,19.0,2.3,0.0
79.0,66.0,73.0,9.0,58.0,64.0,0.0,8.0,642.0,1740.0,0.0,0.0,29.5,29.98,2.6,2.0,8.2,0.0
59.0,31.0,45.0,3.0,24.0,35.0,20.0,0.0,638.0,1743.0,0.0,0.0,24.34,30.17,4.3,15.0,5.7,0.0
71.0,50.0,61.0,4.0,38.0,50.0,4.0,0.0,648.0,1740.0,0.0,0.0,28.74,30.07,9.9,3.0,10.5,0.0
85.0,62.0,74.0,5.0,66.0,68.0,0.0,9.0,642.0,1747.0,0.0,0.0,29.63,30.09,0.9,18.0,1.1,0.0
59.0,31.0,45.0,3.0,24.0,35.0,20.0,0.0,638.0,1743.0,0.0,0.0,24.34,30.17,4.3,15.0,5.7,0.0
84.0,57.0,71.0,3.0,60.0,64.0,0.0,6.0,638.0,1743.0,0.0,0.0,30.09,30.14,2.0,19.0,2.8,0.0
71.0,50.0,61.0,4.0,38.0,50.0,4.0,0.0,648.0,1740.0,0.0,0.0,28.74,30.07,9.9,3.0,10.5,0.0
84.0,55.0,70.0,3.0,61.0,64.0,0.0,5.0,638.0,1743.0,0.0,0.0,30.09,30.13,1.9,19.0,3.1,0.0
84.0,57.0,71.0,3.0,60.0,64.0,0.0,6.0,638.0,1743.0,0.0,0.0,30.09,30.14,2.0,19.0,2.8,0.0
61.0,36.0,49.0,7.0,44.0,47.0,16.0,0.0,615.0,1644.0,0.0,0.0,29.89,29.99,2.3,12.0,3.7,0.0
66.0,48.0,57.0,12.0,51.0,53.0,8.0,0.0,621.0,1650.0,0.0,0.11,29.7,29.86,2.9,27.0,4.4,0.0
74.0,41.0,58.0,2.0,36.0,47.0,7.0,0.0,649.0,1739.0,0.0,0.0,28.77,30.16,2.8,17.0,4.0,0.0
73.0,40.0,57.0,4.0,37.0,47.0,8.0,0.0,642.0,1746.0,0.0,0.0,28.78,30.16,3.5,19.0,4.0,0.0
43.0,36.0,40.0,4.0,32.0,36.0,25.0,0.0,642.0,1746.0,0.0,0.0,29.35,30.11,5.4,30.0,7.6,0.0
85.0,60.0,73.0,5.0,62.0,65.0,0.0,8.0,639.0,1742.0,0.0,0.0,30.02,30.05,1.8,21.0,3.3,0.0
74.0,41.0,58.0,2.0,36.0,47.0,7.0,0.0,649.0,1739.0,0.0,0.0,28.77,30.16,2.8,17.0,4.0,0.0
81.0,57.0,69.0,4.0,61.0,64.0,0.0,4.0,642.0,1746.0,0.0,0.0,29.57,30.08,6.3,2.0,6.9,0.0
81.0,65.0,73.0,6.0,62.0,65.0,0.0,8.0,643.0,1746.0,0.0,0.0,29.41,30.09,1.3,2.0,3.0,0.0
73.0,39.0,56.0,7.0,42.0,48.0,9.0,0.0,617.0,1642.0,0.0,0.0,29.5,30.19,0.9,19.0,1.4,0.0
85.0,60.0,73.0,5.0,62.0,65.0,0.0,8.0,639.0,1742.0,0.0,0.0,30.02,30.05,1.8,21.0,3.3,0.0
86.0,68.0,77.0,4.0,63.0,68.0,0.0,12.0,639.0,1742.0,0.0,0.0,30.03,30.04,4.3,17.0,5.1,0.0
85.0,58.0,72.0,5.0,62.0,65.0,0.0,7.0,639.0,1742.0,0.0,0.0,30.02,30.05,2.3,21.0,3.0,0.0
81.0,57.0,69.0,4.0,61.0,64.0,0.0,4.0,642.0,1746.0,0.0,0.0,29.57,30.08,6.3,2.0,6.9,0.0
74.0,49.0,62.0,7.0,51.0,54.0,3.0,0.0,617.0,1642.0,0.0,0.04,29.72,29.82,3.7,27.0,4.7,0.0
69.0,29.0,49.0,5.0,18.0,37.0,16.0,0.0,639.0,1742.0,0.0,0.0,24.34,30.12,1.6,15.0,6.3,0.0
69.0,44.0,57.0,12.0,51.0,53.0,8.0,0.0,617.0,1646.0,0.0,0.08,28.77,29.86,8.4,26.0,10.0,0.0
78.0,55.0,67.0,-3.0,47.0,56.0,0.0,2.0,622.0,1648.0,0.0,0.0,29.42,30.12,4.9,6.0,6.1,0.0
73.0,39.0,56.0,7.0,42.0,48.0,9.0,0.0,617.0,1642.0,0.0,0.0,29.5,30.19,0.9,19.0,1.4,0.0
58.0,41.0,50.0,7.0,48.0,49.0,15.0,0.0,617.0,1642.0,0.0,0.08,29.47,29.85,1.4,26.0,1.8,0.0
73.0,40.0,57.0,4.0,37.0,47.0,8.0,0.0,642.0,1746.0,0.0,0.0,28.78,30.16,3.5,19.0,4.0,0.0
73.0,41.0,57.0,0.0,42.0,50.0,8.0,0.0,643.0,1731.0,0.0,0.0,29.43,30.15,2.0,18.0,2.7,0.0
86.0,68.0,77.0,4.0,63.0,68.0,0.0,12.0,639.0,1742.0,0.0,0.0,30.03,30.04,4.3,17.0,5.1,0.0
73.0,39.0,56.0,7.0,42.0,48.0,9.0,0.0,617.0,1642.0,0.0,0.0,29.5,30.19,0.9,19.0,1.4,0.0
43.0,36.0,40.0,4.0,32.0,36.0,25.0,0.0,642.0,1746.0,0.0,0.0,29.35,30.11,5.4,30.0,7.6,0.0
69.0,29.0,49.0,5.0,18.0,37.0,16.0,0.0,639.0,1742.0,0.0,0.0,24.34,30.12,1.6,15.0,6.3,0.0
73.0,39.0,56.0,7.0,42.0,48.0,9.0,0.0,617.0,1642.0,0.0,0.0,29.5,30.19,0.9,19.0,1.4,0.0
86.0,68.0,77.0,4.0,63.0,68.0,0.0,12.0,639.0,1742.0,0.0,0.0,30.03,30.04,4.3,17.0,5.1,0.0
73.0,40.0,57.0,4.0,37.0,47.0,8.0,0.0,642.0,1746.0,0.0,0.0,28.78,30.16,3.5,19.0,4.0,0.0
73.0,41.0,57.0,0.0,42.0,50.0,8.0,0.0,643.0,1731.0,0.0,0.0,29.43,30.15,2.0,18.0,2.7,0.0
49.0,36.0,43.0,-3.0,32.0,40.0,22.0,0.0,622.0,1648.0,0.0,0.0,29.32,30.04,9.6,30.0,10.1,0.0
73.0,39.0,56.0,7.0,42.0,48.0,9.0,0.0,617.0,1642.0,0.0,0.0,29.5,30.19,0.9,19.0,1.4,0.0
69.0,29.0,49.0,5.0,18.0,37.0,16.0,0.0,639.0,1742.0,0.0,0.0,24.34,30.12,1.6,15.0,6.3,0.0
73.0,41.0,57.0,0.0,42.0,50.0,8.0,0.0,643.0,1731.0,0.0,0.0,29.43,30.15,2.0,18.0,2.7,0.0
73.0,39.0,56.0,7.0,42.0,48.0,9.0,0.0,617.0,1642.0,0.0,0.0,29.5,30.19,0.9,19.0,1.4,0.0
81.0,65.0,73.0,6.0,55.0,65.0,0.0,8.0,613.0,1643.0,0.0,0.0,29.41,29.87,8.2,23.0,3.0,0.0
77.0,56.0,67.0,3.0,46.0,56.0,0.0,2.0,643.0,1740.0,0.0,0.0,29.62,30.13,5.1,9.0,6.8,0.0
69.0,29.0,49.0,5.0,18.0,37.0,16.0,0.0,639.0,1742.0,0.0,0.0,24.34,30.12,1.6,15.0,6.3,0.0
74.0,41.0,58.0,2.0,36.0,47.0,7.0,0.0,649.0,1739.0,0.0,0.0,28.77,30.16,2.8,17.0,4.0,0.0
77.0,64.0,71.0,4.0,66.0,67.0,0.0,6.0,642.0,1746.0,0.0,0.0,29.74,30.16,2.4,1.0,2.8,0.0
69.0,29.0,49.0,5.0,18.0,37.0,16.0,0.0,639.0,1742.0,0.0,0.0,24.34,30.12,1.6,15.0,6.3,0.0
85.0,60.0,73.0,5.0,62.0,65.0,0.0,8.0,639.0,1742.0,0.0,0.0,30.02,30.05,1.8,21.0,3.3,0.0
74.0,41.0,58.0,2.0,36.0,47.0,7.0,0.0,649.0,1739.0,0.0,0.0,28.77,30.16,2.8,17.0,4.0,0.0
85.0,58.0,72.0,5.0,62.0,65.0,0.0,7.0,639.0,1742.0,0.0,0.0,30.02,30.05,2.3,21.0,3.0,0.0
85.0,60.0,73.0,5.0,62.0,65.0,0.0,8.0,639.0,1742.0,0.0,0.0,30.02,30.05,1.8,21.0,3.3,0.0
74.0,49.0,62.0,7.0,51.0,54.0,3.0,0.0,617.0,1642.0,0.0,0.04,29.72,29.82,3.7,27.0,4.7,0.0
57.0,39.0,48.0,-3.0,39.0,43.0,17.0,0.0,622.0,1648.0,0.0,0.0,29.78,29.95,2.1,28.0,3.7,0.0
77.0,45.0,61.0,5.0,39.0,50.0,4.0,0.0,650.0,1738.0,0.0,0.0,28.76,30.13,4.4,34.0,10.4,0.0
77.0,52.0,65.0,5.0,40.0,51.0,0.0,0.0,643.0,1745.0,0.0,0.0,28.77,30.13,3.0,28.0,11.3,0.0
49.0,31.0,40.0,5.0,31.0,37.0,25.0,0.0,643.0,1745.0,0.0,0.0,29.42,30.16,7.5,35.0,9.8,0.0
81.0,61.0,71.0,4.0,63.0,66.0,0.0,6.0,640.0,1741.0,0.0,0.09,29.9,29.94,1.5,1.0,3.3,0.0
77.0,45.0,61.0,5.0,39.0,50.0,4.0,0.0,650.0,1738.0,0.0,0.0,28.76,30.13,4.4,34.0,10.4,0.0
83.0,56.0,70.0,5.0,59.0,63.0,0.0,5.0,643.0,1745.0,0.0,0.0,29.57,30.08,2.6,5.0,3.2,0.0
82.0,63.0,73.0,6.0,59.0,64.0,0.0,8.0,644.0,1746.0,0.0,0.0,29.41,30.09,0.9,9.0,1.9,0.0
77.0,43.0,60.0,0.0,41.0,50.0,5.0,0.0,618.0,1641.0,0.0,0.0,29.45,30.14,2.6,32.0,5.1,0.0
81.0,61.0,71.0,4.0,63.0,66.0,0.0,6.0,640.0,1741.0,0.0,0.09,29.9,29.94,1.5,1.0,3.3,0.0
82.0,68.0,75.0,5.0,63.0,67.0,0.0,10.0,639.0,1741.0,0.0,0.3,29.91,29.93,1.9,34.0,4.7,0.0
81.0,59.0,70.0,4.0,63.0,65.0,0.0,5.0,640.0,1741.0,0.0,0.0,29.91,29.94,1.6,36.0,3.4,0.0
83.0,56.0,70.0,5.0,59.0,63.0,0.0,5.0,643.0,1745.0,0.0,0.0,29.57,30.08,2.6,5.0,3.2,0.0
57.0,34.0,46.0,0.0,39.0,43.0,19.0,0.0,618.0,1641.0,0.0,0.0,29.79,29.91,4.0,30.0,4.6,0.0
61.0,32.0,47.0,4.0,26.0,38.0,18.0,0.0,640.0,1741.0,0.0,0.0,24.51,30.31,4.8,13.0,6.7,0.0
52.0,39.0,46.0,1.0,36.0,41.0,19.0,0.0,618.0,1644.0,0.0,0.0,28.84,29.95,9.0,28.0,9.4,0.0
80.0,52.0,66.0,-4.0,50.0,57.0,0.0,1.0,623.0,1647.0,0.0,0.0,29.4,30.11,1.6,14.0,4.9,0.0
77.0,43.0,60.0,0.0,41.0,50.0,5.0,0.0,618.0,1641.0,0.0,0.0,29.45,30.14,2.6,32.0,5.1,0.0
56.0,30.0,43.0,0.0,36.0,39.0,22.0,0.0,618.0,1641.0,0.0,0.0,29.54,29.94,1.7,31.0,2.7,0.0
77.0,52.0,65.0,5.0,40.0,51.0,0.0,0.0,643.0,1745.0,0.0,0.0,28.77,30.13,3.0,28.0,11.3,0.0
78.0,51.0,65.0,9.0,41.0,51.0,0.0,0.0,644.0,1730.0,0.0,0.0,29.38,30.09,4.9,28.0,10.2,2.0
82.0,68.0,75.0,5.0,63.0,67.0,0.0,10.0,639.0,1741.0,0.0,0.3,29.91,29.93,1.9,34.0,4.7,0.0
77.0,43.0,60.0,0.0,41.0,50.0,5.0,0.0,618.0,1641.0,0.0,0.0,29.45,30.14,2.6,32.0,5.1,0.0
49.0,31.0,40.0,5.0,31.0,37.0,25.0,0.0,643.0,1745.0,0.0,0.0,29.42,30.16,7.5,35.0,9.8,0.0
61.0,32.0,47.0,4.0,26.0,38.0,18.0,0.0,640.0,1741.0,0.0,0.0,24.51,30.31,4.8,13.0,6.7,0.0
77.0,43.0,60.0,0.0,41.0,50.0,5.0,0.0,618.0,1641.0,0.0,0.0,29.45,30.14,2.6,32.0,5.1,0.0
82.0,68.0,75.0,5.0,63.0,67.0,0.0,10.0,639.0,1741.0,0.0,0.3,29.91,29.93,1.9,34.0,4.7,0.0
77.0,52.0,65.0,5.0,40.0,51.0,0.0,0.0,643.0,1745.0,0.0,0.0,28.77,30.13,3.0,28.0,11.3,0.0
78.0,51.0,65.0,9.0,41.0,51.0,0.0,0.0,644.0,1730.0,0.0,0.0,29.38,30.09,4.9,28.0,10.2,0.0
51.0,32.0,42.0,-4.0,33.0,40.0,23.0,0.0,623.0,1647.0,0.0,0.0,29.31,30.08,5.5,27.0,6.0,0.0
77.0,43.0,60.0,0.0,41.0,50.0,5.0,0.0,618.0,1641.0,0.0,0.0,29.45,30.14,2.6,32.0,5.1,0.0
61.0,32.0,47.0,4.0,26.0,38.0,18.0,0.0,640.0,1741.0,0.0,0.0,24.51,30.31,4.8,13.0,6.7,0.0
78.0,51.0,65.0,9.0,41.0,51.0,0.0,0.0,644.0,1730.0,0.0,0.0,29.38,30.09,4.9,28.0,10.2,0.0
77.0,43.0,60.0,0.0,41.0,50.0,5.0,0.0,618.0,1641.0,0.0,0.0,29.45,30.14,2.6,32.0,5.1,0.0
82.0,63.0,73.0,6.0,38.0,64.0,0.0,8.0,615.0,1641.0,0.0,0.0,29.41,29.95,8.3,30.0,1.9,0.0
79.0,56.0,68.0,5.0,51.0,58.0,0.0,3.0,643.0,1739.0,0.0,0.0,29.6,30.11,2.9,14.0,5.6,0.0
61.0,32.0,47.0,4.0,26.0,38.0,18.0,0.0,640.0,1741.0,0.0,0.0,24.51,30.31,4.8,13.0,6.7,0.0
77.0,45.0,61.0,5.0,39.0,50.0,4.0,0.0,650.0,1738.0,0.0,0.0,28.76,30.13,4.4,34.0,10.4,0.0
82.0,59.0,71.0,5.0,60.0,63.0,0.0,6.0,643.0,1745.0,0.0,0.0,29.74,30.13,0.3,11.0,0.2,0.0
61.0,32.0,47.0,4.0,26.0,38.0,18.0,0.0,640.0,1741.0,0.0,0.0,24.51,30.31,4.8,13.0,6.7,0.0
81.0,61.0,71.0,4.0,63.0,66.0,0.0,6.0,640.0,1741.0,0.0,0.09,29.9,29.94,1.5,1.0,3.3,0.0
77.0,45.0,61.0,5.0,39.0,50.0,4.0,0.0,650.0,1738.0,0.0,0.0,28.76,30.13,4.4,34.0,10.4,0.0
81.0,59.0,70.0,4.0,63.0,65.0,0.0,5.0,640.0,1741.0,0.0,0.0,29.91,29.94,1.6,36.0,3.4,0.0
81.0,61.0,71.0,4.0,63.0,66.0,0.0,6.0,640.0,1741.0,0.0,0.09,29.9,29.94,1.5,1.0,3.3,0.0
57.0,34.0,46.0,0.0,39.0,43.0,19.0,0.0,618.0,1641.0,0.0,0.0,29.79,29.91,4.0,30.0,4.6,0.0
53.0,40.0,47.0,-4.0,36.0,41.0,18.0,0.0,623.0,1647.0,0.0,0.0,29.87,30.03,5.4,4.0,5.8,0.0
60.0,38.0,49.0,-7.0,31.0,42.0,16.0,0.0,651.0,1737.0,0.0,0.0,28.98,30.36,11.9,1.0,12.5,0.0
58.0,38.0,48.0,0.0,32.0,41.0,17.0,0.0,644.0,1745.0,0.0,0.0,29.0,30.37,11.0,1.0,11.6,0.0
39.0,25.0,32.0,0.0,18.0,27.0,33.0,0.0,644.0,1745.0,0.0,0.0,29.74,30.52,8.3,36.0,8.7,0.0
75.0,60.0,68.0,-2.0,53.0,59.0,0.0,3.0,640.0,1740.0,0.0,0.0,29.8,29.85,7.0,32.0,7.5,0.0
60.0,38.0,49.0,-7.0,31.0,42.0,16.0,0.0,651.0,1737.0,0.0,0.0,28.98,30.36,11.9,1.0,12.5,0.0
76.0,51.0,64.0,0.0,47.0,55.0,1.0,0.0,644.0,1745.0,0.0,0.17,29.72,30.22,11.3,36.0,11.7,0.0
76.0,56.0,66.0,-1.0,47.0,56.0,0.0,1.0,644.0,1745.0,0.0,0.3,29.55,30.23,6.0,1.0,6.5,0.0
59.0,34.0,47.0,-2.0,32.0,41.0,18.0,0.0,619.0,1640.0,0.0,0.0,29.72,30.39,9.2,1.0,9.3,0.0
75.0,60.0,68.0,-2.0,53.0,59.0,0.0,3.0,640.0,1740.0,0.0,0.0,29.8,29.85,7.0,32.0,7.5,0.0
77.0,63.0,70.0,0.0,51.0,59.0,0.0,5.0,640.0,1741.0,0.0,0.0,29.82,29.84,6.9,31.0,7.8,0.0
75.0,50.0,63.0,-2.0,53.0,57.0,2.0,0.0,640.0,1740.0,0.0,0.0,29.82,29.85,5.3,30.0,6.1,0.0
76.0,51.0,64.0,0.0,47.0,55.0,1.0,0.0,644.0,1745.0,0.0,0.17,29.72,30.22,11.3,36.0,11.7,0.0
53.0,34.0,44.0,-2.0,35.0,41.0,21.0,0.0,619.0,1640.0,0.0,0.0,29.9,29.99,4.5,3.0,5.3,0.0
58.0,35.0,47.0,-2.0,28.0,37.0,18.0,0.0,640.0,1740.0,0.0,0.0,24.36,30.18,6.1,17.0,7.2,0.0
49.0,40.0,45.0,0.0,35.0,40.0,20.0,0.0,619.0,1643.0,0.0,0.0,28.9,30.0,6.2,5.0,7.0,0.0
68.0,50.0,59.0,-6.0,39.0,50.0,6.0,0.0,624.0,1646.0,0.0,0.0,29.57,30.27,10.5,36.0,11.2,0.0
59.0,34.0,47.0,-2.0,32.0,41.0,18.0,0.0,619.0,1640.0,0.0,0.0,29.72,30.39,9.2,1.0,9.3,0.0
50.0,32.0,41.0,-2.0,34.0,38.0,24.0,0.0,619.0,1640.0,0.0,0.0,29.65,30.03,0.3,3.0,0.6,0.0
58.0,38.0,48.0,0.0,32.0,41.0,17.0,0.0,644.0,1745.0,0.0,0.0,29.0,30.37,11.0,1.0,11.6,0.0
55.0,33.0,44.0,-12.0,32.0,41.0,21.0,0.0,645.0,1729.0,0.0,0.0,29.65,30.36,11.1,35.0,11.5,0.0
77.0,63.0,70.0,0.0,51.0,59.0,0.0,5.0,640.0,1741.0,0.0,0.0,29.82,29.84,6.9,31.0,7.8,0.0
59.0,34.0,47.0,-2.0,32.0,41.0,18.0,0.0,619.0,1640.0,0.0,0.0,29.72,30.39,9.2,1.0,9.3,0.0
39.0,25.0,32.0,0.0,18.0,27.0,33.0,0.0,644.0,1745.0,0.0,0.0,29.74,30.52,8.3,36.0,8.7,0.0
58.0,35.0,47.0,-2.0,28.0,37.0,18.0,0.0,640.0,1740.0,0.0,0.0,24.36,30.18,6.1,17.0,7.2,0.0
59.0,34.0,47.0,-2.0,32.0,41.0,18.0,0.0,619.0,1640.0,0.0,0.0,29.72,30.39,9.2,1.0,9.3,0.0
77.0,63.0,70.0,0.0,51.0,59.0,0.0,5.0,640.0,1741.0,0.0,0.0,29.82,29.84,6.9,31.0,7.8,0.0
58.0,38.0,48.0,0.0,32.0,41.0,17.0,0.0,644.0,1745.0,0.0,0.0,29.0,30.37,11.0,1.0,11.6,0.0
55.0,33.0,44.0,-12.0,32.0,41.0,21.0,0.0,645.0,1729.0,0.0,0.0,29.65,30.36,11.1,35.0,11.5,0.0
45.0,33.0,39.0,-6.0,24.0,32.0,26.0,0.0,624.0,1646.0,0.1,0.02,29.51,30.24,20.4,34.0,20.9,0.0
59.0,34.0,47.0,-2.0,32.0,41.0,18.0,0.0,619.0,1640.0,0.0,0.0,29.72,30.39,9.2,1.0,9.3,0.0
58.0,35.0,47.0,-2.0,28.0,37.0,18.0,0.0,640.0,1740.0,0.0,0.0,24.36,30.18,6.1,17.0,7.2,0.0
55.0,33.0,44.0,-12.0,32.0,41.0,21.0,0.0,645.0,1729.0,0.0,0.0,29.65,30.36,11.1,35.0,11.5,0.0
59.0,34.0,47.0,-2.0,32.0,41.0,18.0,0.0,619.0,1640.0,0.0,0.0,29.72,30.39,9.2,1.0,9.3,0.0
76.0,56.0,66.0,-1.0,37.0,56.0,0.0,1.0,616.0,1640.0,0.0,0.3,29.55,30.01,10.8,5.0,6.5,0.0
67.0,49.0,58.0,-4.0,40.0,50.0,7.0,0.0,644.0,1738.0,0.0,0.0,29.78,30.28,10.6,36.0,11.2,0.0
58.0,35.0,47.0,-2.0,28.0,37.0,18.0,0.0,640.0,1740.0,0.0,0.0,24.36,30.18,6.1,17.0,7.2,0.0
60.0,38.0,49.0,-7.0,31.0,42.0,16.0,0.0,651.0,1737.0,0.0,0.0,28.98,30.36,11.9,1.0,12.5,0.0
78.0,55.0,67.0,0.0,32.0,41.0,0.0,2.0,644.0,1745.0,0.0,0.0,29.82,30.37,11.0,1.0,5.1,0.0
58.0,35.0,47.0,-2.0,28.0,37.0,18.0,0.0,640.0,1740.0,0.0,0.0,24.36,30.18,6.1,17.0,7.2,0.0
75.0,60.0,68.0,-2.0,53.0,59.0,0.0,3.0,640.0,1740.0,0.0,0.0,29.8,29.85,7.0,32.0,7.5,0.0
60.0,38.0,49.0,-7.0,31.0,42.0,16.0,0.0,651.0,1737.0,0.0,0.0,28.98,30.36,11.9,1.0,12.5,0.0
75.0,50.0,63.0,-2.0,53.0,57.0,2.0,0.0,640.0,1740.0,0.0,0.0,29.82,29.85,5.3,30.0,6.1,0.0
75.0,60.0,68.0,-2.0,53.0,59.0,0.0,3.0,640.0,1740.0,0.0,0.0,29.8,29.85,7.0,32.0,7.5,0.0
53.0,34.0,44.0,-2.0,35.0,41.0,21.0,0.0,619.0,1640.0,0.0,0.0,29.9,29.99,4.5,3.0,5.3,0.0
